/ -> /index.html
/biology -> /biology/index.html <<- [/biology/]
/biology/other-human -> /biology/other-human.html
/biology/other-other -> /biology/other-other.html
/ethics -> /ethics.html
/humour -> /humour.html
/library -> /library/index.html <<- [/library/]
/library/maybe-will-read -> /library/maybe-will-read.html
/library/read-done -> /library/read-done.html
/life -> /life/index.html <<- [/life/]
/life/alexander-grothendieck -> /life/alexander-grothendieck.html
/life/bourbaki-weil -> /life/bourbaki-weil.html
/life/demon-core -> /life/demon-core.html
/life/judas-goat -> /life/judas-goat.html
/life/sakalauskas-case -> /life/sakalauskas-case.html
/life/srinivasa-ramanujan -> /life/srinivasa-ramanujan.html
/money -> /money/index.html <<- [/money/]
/other -> /other/index.html <<- [/other/]
/other/chaos -> /other/chaos.html
/other/languages -> /other/languages.html
/other/map -> /other/map.html
/other/wandering -> /other/wandering.html
/slice-of-life-of-mine -> /slice-of-life-of-mine/index.html <<- [/slice-of-life-of-mine/]
/slice-of-life-of-mine/blood-filled-mouth -> /slice-of-life-of-mine/blood-filled-mouth.html
/slice-of-life-of-mine/caught-masturbating -> /slice-of-life-of-mine/caught-masturbating.html
/slice-of-life-of-mine/chaos -> /slice-of-life-of-mine/chaos.html
/slice-of-life-of-mine/holiday-is-coming -> /slice-of-life-of-mine/holiday-is-coming.html
/slice-of-life-of-mine/parents -> /slice-of-life-of-mine/parents.html
/slice-of-life-of-mine/winter-sunny-day -> /slice-of-life-of-mine/winter-sunny-day.html
/tech -> /tech/index.html <<- [/tech/]
/tech/hardware -> /tech/hardware.html
/tech/neural-network -> /tech/neural-network.html
/tech/other -> /tech/other.html
/tech/software -> /tech/software.html
/tech/unicode -> /tech/unicode.html
/tech/web-fonts -> /tech/web-fonts.html
/test/bullet -> /a/test/bullet.html <<- [/a/test/bullet]
/test/favicon-oneliner -> /a/test/favicon-oneliner.html <<- [/a/test/favicon-oneliner]
/test/gallery -> /a/test/gallery.html <<- [/a/test/gallery]
/test/ta1 -> /a/test/ta1.html <<- [/a/test/ta1]
/test/tf1 -> /a/test/tf1.html <<- [/a/test/tf1]
/test/tf2 -> /a/test/tf2.html <<- [/a/test/tf2]
/test/tf3 -> /a/test/tf3.html <<- [/a/test/tf3]
/test/wrap -> /a/test/wrap.html <<- [/a/test/wrap]
/todo -> /todo.html
/vidya -> /vidya/index.html <<- [/vidya/]
/vidya/factorio -> /vidya/factorio.html
/vidya/terraria -> /vidya/terraria.html
/a/favicon.svg -> /a/favicon.svg
/a/test/image/game-die.svg -> /a/test/image/game-die.svg
/a/test/image/square-black-16x16.png -> /a/test/image/square-black-16x16.png
/a/test/image/square-black-32x32.png -> /a/test/image/square-black-32x32.png
/css/main.css -> /css/main.css
/css/normalize.css -> /css/normalize.css