/diary /diary.html 200
/humour /humour.html 200
/library /library.html 200
/other /other.html 200
/technology /technology.html 200
/test/urlmapping/a /test/urlmapping/a.html 200
/todo /todo.html 200
/vidya /vidya.html 200